epoch, trainloss, validationloss, trainRMSE, validationRMSE
1, 0.09961793571710587, 0.011988673359155655, 0.31562310457229614, 0.10949280112981796
2, 0.003378260415047407, 0.011477508582174778, 0.05812280625104904, 0.10713313519954681
