epoch, trainloss, validationloss, trainRMSE, validationRMSE
1, 0.09899362176656723, 0.012379816733300686, 0.31463250517845154, 0.11126462370157242
2, 0.0035547614097595215, 0.0119163254275918, 0.059621818363666534, 0.10916192084550858
