epoch, trainloss, validationloss, trainRMSE, validationRMSE
1, 0.5363016724586487, 0.705496072769165, 0.7323262095451355, 0.8399381637573242
2, 0.517096757888794, 0.6774200797080994, 0.7190943956375122, 0.8230553269386292
3, 0.48650673031806946, 0.6335134506225586, 0.6975003480911255, 0.7959355711936951
4, 0.4406084716320038, 0.569969892501831, 0.6637834310531616, 0.7549635171890259
