epoch, trainloss, validationloss, trainRMSE, validationRMSE
1, 6.664040565490723, 5.043267726898193, 2.5814802646636963, 2.2457220554351807
2, 3.2395176887512207, 2.2488274574279785, 1.799865961074829, 1.499609112739563
