epoch, trainloss, validationloss, trainRMSE, validationRMSE
1, 0.5581026077270508, 0.7295522093772888, 0.747062623500824, 0.8541382551193237
2, 0.5359774231910706, 0.6964171528816223, 0.7321047782897949, 0.8345161080360413
3, 0.49835604429244995, 0.6406593322753906, 0.7059433460235596, 0.8004119992256165
4, 0.4383946359157562, 0.556641697883606, 0.6621137857437134, 0.7460842728614807
5, 0.3607802391052246, 0.4623228907585144, 0.6006498336791992, 0.679943323135376
6, 0.2893129289150238, 0.3877451419830322, 0.537878155708313, 0.6226918697357178
7, 0.23935739696025848, 0.3385465443134308, 0.48924165964126587, 0.5818475484848022
8, 0.20747455954551697, 0.30650752782821655, 0.4554937481880188, 0.5536312460899353
9, 0.18656471371650696, 0.284574955701828, 0.43193137645721436, 0.5334556698799133
