epoch, trainloss, validationloss, trainRMSE, validationRMSE
1, 4.918766975402832, 3.8541855812072754, 2.2178292274475098, 1.9632079601287842
2, 2.5105175971984863, 1.834122657775879, 1.5844613313674927, 1.3542978763580322
