epoch, trainloss, validationloss, trainRMSE, validationRMSE
1, 0.3507179617881775, 0.17365044355392456, 0.5922144651412964, 0.4167138636112213
2, 0.15654881298542023, 0.17068563401699066, 0.39566248655319214, 0.4131411910057068
3, 0.15352550148963928, 0.16327176988124847, 0.39182329177856445, 0.4040690064430237
