epoch, trainloss, validationloss, trainRMSE, validationRMSE
1, 2.0447614192962646, 1.82138192653656, 1.429951548576355, 1.3495858907699585
1, 0.0728495866060257, 0.12945975363254547, 0.2699066400527954, 0.359805166721344
1, 0.044235266745090485, 0.06823292374610901, 0.2103218138217926, 0.26121431589126587
1, 0.0523189976811409, 0.0650269165635109, 0.22873346507549286, 0.25500375032424927
1, 0.05390871688723564, 0.06419824063777924, 0.23218250274658203, 0.2533737123012543
