epoch, trainloss, validationloss, trainRMSE, validationRMSE
1, 6.789965629577637, 5.047370910644531, 2.6057562828063965, 2.2466354370117188
1, 1.4547001123428345, 0.8010805249214172, 1.2061095237731934, 0.8950310349464417
1, 0.08156600594520569, 0.01542644016444683, 0.28559762239456177, 0.12420322000980377
1, 0.04572016000747681, 0.009275536984205246, 0.21382273733615875, 0.0963095873594284
1, 0.04241254925727844, 0.00861422810703516, 0.20594307780265808, 0.09281286597251892
1, 0.04163826256990433, 0.008480679243803024, 0.2040545642375946, 0.09209060668945312
