epoch, trainloss, validationloss, trainRMSE, validationRMSE
1, 0.9273489713668823, 0.1023489460349083, 0.9629896283149719, 0.31992021203041077
2, 0.12193372845649719, 0.09289288520812988, 0.3491901159286499, 0.30478334426879883
3, 0.1337464600801468, 0.09961596131324768, 0.36571362614631653, 0.31561997532844543
4, 0.140345498919487, 0.08923453092575073, 0.37462714314460754, 0.2987214922904968
5, 0.1321767121553421, 0.11463457345962524, 0.36356115341186523, 0.3385772705078125
