epoch, trainloss, validationloss, trainRMSE, validationRMSE
1, 0.33414891362190247, 0.09936077147722244, 0.5780561566352844, 0.31521543860435486
2, 0.09717093408107758, 0.0984819233417511, 0.3117225170135498, 0.3138183057308197
3, 0.100468210875988, 0.08881071209907532, 0.3169672191143036, 0.29801127314567566
4, 0.10143990069627762, 0.08724895119667053, 0.31849631667137146, 0.2953793406486511
5, 0.09794408082962036, 0.08954692631959915, 0.3129601776599884, 0.2992439270019531
