epoch, trainloss, validationloss, trainRMSE, validationRMSE
1, 0.31925061345100403, 0.016070734709501266, 0.5650226473808289, 0.12677040696144104
2, 0.007647199556231499, 0.0034628943540155888, 0.08744826912879944, 0.0588463619351387
3, 0.004991986323148012, 0.01249634474515915, 0.0706539899110794, 0.11178705096244812
4, 0.005543580744415522, 0.002941798185929656, 0.07445522397756577, 0.054238345474004745
5, 0.006549302022904158, 0.002966709900647402, 0.0809277594089508, 0.05446751415729523
6, 0.005613819696009159, 0.0026496434584259987, 0.07492543011903763, 0.051474686712026596
