epoch, trainloss, validationloss, trainRMSE, validationRMSE
1, 0.3179057240486145, 0.023512857034802437, 0.5638312697410583, 0.15333902835845947
2, 0.005153253208845854, 0.0022549470886588097, 0.07178616523742676, 0.047486282885074615
3, 0.0046739946119487286, 0.0022015024442225695, 0.06836661696434021, 0.04692016914486885
4, 0.010883263312280178, 0.013808284886181355, 0.1043228805065155, 0.1175086572766304
5, 0.013426494784653187, 0.004700351506471634, 0.11587275564670563, 0.06855911016464233
6, 0.01071182545274496, 0.03354103863239288, 0.1034979522228241, 0.18314212560653687
